<?xml version="1.0" encoding="UTF-8"?>
<metadata xml:lang="en"><Esri><CreaDate>20180811</CreaDate><CreaTime>22583000</CreaTime><ArcGISFormat>1.0</ArcGISFormat><SyncOnce>TRUE</SyncOnce><DataProperties><lineage><Process ToolSource="c:\program files (x86)\arcgis\desktop10.6\ArcToolbox\Toolboxes\Data Management Tools.tbx\CalculateField" Date="20180811" Time="213047">CalculateField Fire_Ban_districts_incidents Burnt_Area [Sum_SHAP_1] VB #</Process><Process ToolSource="c:\program files (x86)\arcgis\desktop10.6\ArcToolbox\Toolboxes\Data Management Tools.tbx\CalculateField" Date="20180811" Time="213201">CalculateField Fire_Ban_districts_incidents Burnt_Area [Sum_SHAP_1] VB #</Process><Process ToolSource="c:\program files (x86)\arcgis\desktop10.6\ArcToolbox\Toolboxes\Data Management Tools.tbx\CalculateField" Date="20180811" Time="213258">CalculateField Fire_Ban_districts_incidents Burnt_Area [Sum_SHAP_1] VB #</Process><Process ToolSource="c:\program files (x86)\arcgis\desktop10.6\ArcToolbox\Toolboxes\Data Management Tools.tbx\Project" Date="20180811" Time="225831">Project "D:\OneDrive - University of South Australia\Kanbox\UNISA\Teaching\GEOE 3019 Digital Carto\_assignments\A3\fire\Fire_Ban_districts\Fire_Ban_districts_sel.shp" "D:\OneDrive - University of South Australia\Kanbox\UNISA\Teaching\GEOE 3019 Digital Carto\_assignments\A3\fire\FIREMGT_LastFire_shp\final\Fire_Ban_districts.shp" GEOGCS['GCS_WGS_1984',DATUM['D_WGS_1984',SPHEROID['WGS_1984',6378137.0,298.257223563]],PRIMEM['Greenwich',0.0],UNIT['Degree',0.0174532925199433]],VERTCS['EGM96_Geoid',VDATUM['EGM96_Geoid'],PARAMETER['Vertical_Shift',0.0],PARAMETER['Direction',1.0],UNIT['Meter',1.0]] # GEOGCS['GCS_WGS_1984',DATUM['D_WGS_1984',SPHEROID['WGS_1984',6378137.0,298.257223563]],PRIMEM['Greenwich',0.0],UNIT['Degree',0.0174532925199433]],VERTCS['EGM96_Geoid',VDATUM['EGM96_Geoid'],PARAMETER['Vertical_Shift',0.0],PARAMETER['Direction',1.0],UNIT['Meter',1.0]] NO_PRESERVE_SHAPE # NO_VERTICAL</Process></lineage></DataProperties></Esri></metadata>
